name,shortDescription,alias,strainData
SP001,Cured: y; Single_population: y,yp23_A01,04_08_17_20_NI
SP002,Cured: y; Single_population: y,yp23_A02,04_NI_13_19_26
SP003,Cured: y; Single_population: y,yp23_A03,02_11_13_24_29
SP004,Cured: y; Single_population: y,yp23_A04,02_11_13_19_25
SP005,Cured: y; Single_population: y,yp23_A05,05_07_16_22_NI
SP006,Cured: n; Single_population: y,yp23_A06,02_09_15_24_28
SP007,Cured: y; Single_population: n,yp23_A07,04_FA_15_FA_FA
SP008,Cured: y; Single_population: y,yp23_A08,02_11_15_22_25
SP009,Cured: y; Single_population: y,yp23_A09,04_10_NI_19_NI
SP010,Cured: n; Single_population: y,yp23_A10,02_08_17_20_25
SP011,Cured: y; Single_population: y,yp23_A11,01_09_13_22_25
SP012,Cured: y; Single_population: y,yp23_A12,NI_NI_16_21_26
SP013,Cured: y; Single_population: y,yp23_B01,06_10_16_19_NI
SP014,Cured: y; Single_population: y,yp23_B02,05_09_13_22_25
SP015,Cured: y; Single_population: y,yp23_B03,04_07_15_19_27
SP016,Cured: y; Single_population: y,yp23_B04,04_08_15_21_27
SP017,Cured: y; Single_population: y,yp23_B05,NI_NI_NI_NI_29
SP018,Cured: y; Single_population: y,yp23_B06,NI_NI_NI_NI_25
SP019,Cured: y; Single_population: y,yp23_B07,05_12_17_23_25
SP020,Cured: y; Single_population: y,yp23_B08,01_NI_NI_20_29
SP021,Cured: y; Single_population: y,yp23_B09,04_08_15_21_25
SP022,Cured: y; Single_population: y,yp23_B10,01_12_13_19_25
SP023,Cured: y; Single_population: y,yp23_B11,01_08_FA_23_26
SP024,Cured: y; Single_population: y,yp23_B12,05_10_13_21_29
SP025,Cured: y; Single_population: y,yp23_C01,03_07_13_20_NI
SP026,Cured: y; Single_population: y,yp23_C02,01_08_15_20_30
SP027,Cured: y; Single_population: y,yp23_C03,04_10_13_22_30
SP028,Cured: y; Single_population: y,yp23_C04,02_FA_14_19_25
SP029,Cured: y; Single_population: y,yp23_C05,02_10_15_23_25
SP030,Cured: y; Single_population: y,yp23_C06,01_12_15_21_25
SP031,Cured: y; Single_population: y,yp23_C07,02_11_FA_22_27
SP032,Cured: y; Single_population: y,yp23_C08,NI_NI_NI_NI_26
SP033,Cured: y; Single_population: y,yp23_C09,01_09_15_19_27
SP034,Cured: y; Single_population: y,yp23_C10,NI_NI_17_21_25
SP035,Cured: y; Single_population: y,yp23_C11,04_07_17_19_26
SP036,Cured: y; Single_population: y,yp23_C12,01_10_13_20_26
SP037,Cured: y; Single_population: y,yp23_D01,02_09_16_20_NI
SP038,Cured: y; Single_population: y,yp23_D02,01_FA_14_21_28
SP039,Cured: y; Single_population: y,yp23_D03,03_08_17_21_27
SP040,Cured: y; Single_population: y,yp23_D04,01_08_15_21_29
SP041,Cured: y; Single_population: y,yp23_D05,NI_NI_NI_NI_NI
SP042,Cured: y; Single_population: y,yp23_D06,05_10_17_21_30
SP043,Cured: y; Single_population: y,yp23_D07,03_11_FA_24_30
SP044,Cured: y; Single_population: y,yp23_D08,06_08_16_FA_27
SP045,Cured: y; Single_population: y,yp23_D09,01_07_15_21_NI
SP046,Cured: y; Single_population: n,yp23_D10,FA_FA_FA_FA_FA
SP047,Cured: y; Single_population: y,yp23_D11,01_07_15_19_25
SP048,Cured: y; Single_population: y,yp23_D12,01_09_13_24_29
SP049,Cured: y; Single_population: y,yp23_E01,NI_NI_NI_NI_NI
SP050,Cured: y; Single_population: y,yp23_E02,02_10_16_22_26
SP051,Cured: y; Single_population: y,yp23_E03,01_08_NI_21_27
SP052,Cured: y; Single_population: n,yp23_E04,FA_FA_15_FA_FA
SP053,Cured: n; Single_population: y,yp23_E05,05_12_FA_24_27
SP054,Cured: y; Single_population: y,yp23_E06,03_10_13_24_29
SP055,Cured: y; Single_population: y,yp23_E07,05_11_15_22_25
SP056,Cured: y; Single_population: y,yp23_E08,01_07_13_22_30
SP057,Cured: y; Single_population: y,yp23_E09,03_11_15_23_29
SP058,Cured: y; Single_population: y,yp23_E10,01_08_13_21_25
SP059,Cured: y; Single_population: y,yp23_E11,05_08_16_19_FA
SP060,Cured: y; Single_population: y,yp23_E12,01_FA_17_21_28
SP061,Cured: y; Single_population: y,yp23_F01,01_FA_13_20_NI
SP062,Cured: y; Single_population: y,yp23_F02,03_08_15_20_29
SP063,Cured: y; Single_population: y,yp23_F03,04_08_13_24_26
SP064,Cured: y; Single_population: y,yp23_F04,01_10_15_24_30
SP065,Cured: y; Single_population: y,yp23_F05,02_08_15_19_29
SP066,Cured: y; Single_population: y,yp23_F06,06_12_15_19_28
SP067,Cured: y; Single_population: y,yp23_F07,03_NI_NI_24_30
SP068,Cured: n; Single_population: y,yp23_F08,03_09_15_24_30
SP069,Cured: y; Single_population: y,yp23_F09,01_11_13_24_27
SP070,Cured: y; Single_population: y,yp23_F10,06_NI_NI_NI_27
SP071,Cured: y; Single_population: y,yp23_F11,06_08_13_22_25
SP072,Cured: y; Single_population: y,yp23_F12,01_09_15_22_27
SP073,Cured: y; Single_population: y,yp23_G01,NI_08_15_19_25
SP074,Cured: y; Single_population: y,yp23_G02,04_08_15_24_29
SP075,Cured: y; Single_population: y,yp23_G03,NI_FA_NI_NI_NI
SP076,Cured: y; Single_population: y,yp23_G04,05_11_13_24_26
SP077,Cured: y; Single_population: y,yp23_G05,01_12_15_FA_26
SP078,Cured: n; Single_population: y,yp23_G06,04_FA_17_NI_25
SP079,Cured: y; Single_population: y,yp23_G07,02_08_15_21_26
SP080,Cured: y; Single_population: y,yp23_G08,01_12_17_23_NI
SP081,Cured: y; Single_population: y,yp23_G09,02_07_15_21_30
SP082,Cured: y; Single_population: y,yp23_G10,06_10_15_22_30
SP083,Cured: y; Single_population: y,yp23_G11,03_12_16_20_25
SP084,Cured: y; Single_population: y,yp23_G12,NI_NI_NI_NI_NI
SP085,Cured: y; Single_population: y,yp23_H01,NI_11_NI_19_30
SP086,Cured: n; Single_population: y,yp23_H02,01_10_17_19_25
SP087,Cured: y; Single_population: y,yp23_H03,02_10_15_19_29
SP088,Cured: y; Single_population: y,yp23_H04,05_11_16_24_25
SP089,Cured: y; Single_population: y,yp23_H05,NI_08_15_21_30
SP090,Cured: y; Single_population: y,yp23_H06,03_11_13_NI_26
SP091,Cured: y; Single_population: y,yp23_H07,01_07_15_21_30
SP092,Cured: y; Single_population: y,yp23_H08,04_08_NI_NI_27
SP093,Cured: y; Single_population: y,yp23_H09,03_11_13_19_26
SP094,Cured: y; Single_population: y,yp23_H10,04_08_15_23_29
SP095,Cured: y; Single_population: y,yp23_H11,FA_11_15_22_26
SP096,Cured: y; Single_population: y,yp23_H12,NI_10_16_20_30
SP097,Cured: y; Single_population: y,yp24_A01,06_09_16_22_25
SP098,Cured: y; Single_population: y,yp24_A02,05_11_13_19_27
SP099,Cured: y; Single_population: y,yp24_A03,02_NI_NI_NI_NI
SP100,Cured: y; Single_population: y,yp24_A04,02_10_16_19_26
SP101,Cured: y; Single_population: y,yp24_A05,02_NI_18_NI_30
SP102,Cured: n; Single_population: y,yp24_A06,NI_NI_NI_NI_NI
SP103,Cured: y; Single_population: y,yp24_A07,02_08_18_24_30
SP104,Cured: y; Single_population: y,yp24_A08,02_NI_17_22_29
SP105,Cured: y; Single_population: y,yp24_A09,02_10_18_21_27
SP106,Cured: y; Single_population: y,yp24_A10,NI_NI_NI_NI_27
SP107,Cured: y; Single_population: y,yp24_A11,02_12_18_22_30
SP108,Cured: y; Single_population: y,yp24_A12,01_10_18_21_26
SP109,Cured: y; Single_population: y,yp24_B01,03_11_17_21_30
SP110,Cured: y; Single_population: y,yp24_B02,02_09_13_24_27
SP111,Cured: y; Single_population: y,yp24_B03,01_09_15_24_26
SP112,Cured: y; Single_population: y,yp24_B04,NI_NI_NI_NI_FA
SP113,Cured: y; Single_population: y,yp24_B05,04_09_14_19_NI
SP114,Cured: y; Single_population: y,yp24_B06,FA_11_NI_21_29
SP115,Cured: y; Single_population: y,yp24_B07,01_08_15_23_FA
SP116,Cured: y; Single_population: y,yp24_B08,01_08_13_20_29
SP117,Cured: y; Single_population: y,yp24_B09,04_NI_15_19_FA
SP118,Cured: y; Single_population: y,yp24_B10,06_10_17_19_29
SP119,Cured: y; Single_population: y,yp24_B11,03_12_15_21_28
SP120,Cured: y; Single_population: y,yp24_B12,01_10_13_19_27
SP121,Cured: y; Single_population: y,yp24_C01,06_09_17_19_FA
SP122,Cured: y; Single_population: y,yp24_C02,02_NI_NI_21_30
SP123,Cured: y; Single_population: y,yp24_C03,01_11_15_24_30
SP124,Cured: y; Single_population: y,yp24_C04,03_12_13_19_26
SP125,Cured: y; Single_population: y,yp24_C05,04_FA_15_NI_NI
SP126,Cured: y; Single_population: y,yp24_C06,06_11_15_22_25
SP127,Cured: y; Single_population: y,yp24_C07,06_08_NI_21_26
SP128,Cured: y; Single_population: y,yp24_C08,02_07_17_19_29
SP129,Cured: y; Single_population: y,yp24_C09,02_NI_NI_19_30
SP130,Cured: y; Single_population: y,yp24_C10,02_08_15_22_26
SP131,Cured: y; Single_population: y,yp24_C11,03_11_15_19_29
SP132,Cured: y; Single_population: y,yp24_C12,06_12_17_21_30
SP133,Cured: n; Single_population: y,yp24_D01,02_10_18_24_30
SP134,Cured: y; Single_population: y,yp24_D02,01_09_17_24_NI
SP135,Cured: y; Single_population: y,yp24_D03,02_10_15_21_30
SP136,Cured: y; Single_population: y,yp24_D04,06_07_NI_21_30
SP137,Cured: y; Single_population: y,yp24_D05,02_11_18_23_29
SP138,Cured: y; Single_population: y,yp24_D06,02_NI_18_NI_30
SP139,Cured: y; Single_population: y,yp24_D07,03_10_18_22_26
SP140,Cured: y; Single_population: y,yp24_D08,02_08_15_NI_30
SP141,Cured: y; Single_population: y,yp24_D09,NI_10_NI_NI_NI
SP142,Cured: y; Single_population: y,yp24_D10,02_10_13_NI_30
SP143,Cured: y; Single_population: y,yp24_D11,04_07_NI_20_26
SP144,Cured: y; Single_population: y,yp24_D12,FA_NI_18_22_27
SP145,Cured: y; Single_population: y,yp24_E01,02_08_15_24_30
SP146,Cured: y; Single_population: y,yp24_E02,04_09_16_20_NI
SP147,Cured: y; Single_population: y,yp24_E03,02_11_15_22_FA
SP148,Cured: y; Single_population: y,yp24_E04,06_12_18_24_25
SP149,Cured: n; Single_population: y,yp24_E05,02_10_NI_24_NI
SP150,Cured: y; Single_population: y,yp24_E06,05_10_17_21_29
SP151,Cured: y; Single_population: y,yp24_E07,02_10_NI_24_27
SP152,Cured: y; Single_population: y,yp24_E08,02_08_15_20_27
SP153,Cured: y; Single_population: y,yp24_E09,05_11_13_23_29
SP154,Cured: y; Single_population: y,yp24_E10,NI_09_NI_24_NI
SP155,Cured: y; Single_population: y,yp24_E11,NI_NI_NI_NI_NI
SP156,Cured: y; Single_population: y,yp24_E12,06_09_18_20_25
SP157,Cured: y; Single_population: y,yp24_F01,02_09_NI_21_25
SP158,Cured: y; Single_population: y,yp24_F02,06_08_18_19_30
SP159,Cured: y; Single_population: y,yp24_F03,02_NI_16_23_30
SP160,Cured: y; Single_population: y,yp24_F04,01_10_13_20_25
SP161,Cured: y; Single_population: y,yp24_F05,NI_09_15_24_26
SP162,Cured: y; Single_population: y,yp24_F06,06_11_NI_21_30
SP163,Cured: y; Single_population: y,yp24_F07,03_08_13_FA_25
SP164,Cured: y; Single_population: y,yp24_F08,02_12_16_22_28
SP165,Cured: y; Single_population: y,yp24_F09,01_10_15_24_29
SP166,Cured: y; Single_population: y,yp24_F10,04_12_13_24_30
SP167,Cured: y; Single_population: y,yp24_F11,03_09_15_21_30
SP168,Cured: y; Single_population: y,yp24_F12,04_NI_15_24_26
SP169,Cured: y; Single_population: y,yp24_G01,03_11_NI_24_25
SP170,Cured: y; Single_population: y,yp24_G02,02_10_15_NI_30
SP171,Cured: y; Single_population: y,yp24_G03,03_10_15_19_26
SP172,Cured: y; Single_population: y,yp24_G04,03_09_13_24_29
SP173,Cured: y; Single_population: y,yp24_G05,02_11_15_21_NI
SP174,Cured: y; Single_population: y,yp24_G06,02_10_13_NI_30
SP175,Cured: y; Single_population: y,yp24_G07,05_10_NI_24_28
SP176,Cured: y; Single_population: y,yp24_G08,02_08_15_22_27
SP177,Cured: y; Single_population: y,yp24_G09,02_11_18_19_NI
SP178,Cured: y; Single_population: y,yp24_G10,NI_10_NI_24_25
SP179,Cured: y; Single_population: y,yp24_G11,04_12_17_22_25
SP180,Cured: y; Single_population: y,yp24_G12,01_12_18_22_26
SP181,Cured: y; Single_population: y,yp24_H01,05_NI_NI_NI_NI
SP182,Cured: y; Single_population: y,yp24_H02,04_11_13_21_27
SP183,Cured: y; Single_population: y,yp24_H03,05_09_15_24_25
SP184,Cured: y; Single_population: y,yp24_H04,NI_09_15_24_27
SP185,Cured: y; Single_population: y,yp24_H05,NI_NI_18_NI_NI
SP186,Cured: y; Single_population: y,yp24_H06,02_NI_NI_NI_NI
SP187,Cured: y; Single_population: y,yp24_H07,NI_NI_NI_24_30
SP188,Cured: y; Single_population: y,yp24_H08,NI_08_NI_19_26
SP189,Cured: y; Single_population: y,yp24_H09,02_12_13_NI_NI
SP190,Cured: y; Single_population: y,yp24_H10,04_10_15_19_NI
SP191,Cured: y; Single_population: y,yp24_H11,06_11_16_20_29
SP192,Cured: y; Single_population: y,yp24_H12,05_07_16_24_NI
SP193,Cured: y; Single_population: y,yp25_A01,05_07_17_22_30
SP194,Cured: y; Single_population: y,yp25_A02,04_09_15_19_27
SP195,Cured: y; Single_population: y,yp25_A03,01_08_15_21_27
SP196,Cured: y; Single_population: y,yp25_A04,03_08_15_22_25
SP197,Cured: y; Single_population: y,yp25_A05,02_12_15_NI_25
SP198,Cured: y; Single_population: y,yp25_A06,01_11_15_20_29
SP199,Cured: y; Single_population: y,yp25_A07,NI_11_16_20_25
SP200,Cured: y; Single_population: y,yp25_A08,FA_07_13_24_27
SP201,Cured: y; Single_population: y,yp25_A09,04_11_15_NI_NI
SP202,Cured: n; Single_population: y,yp25_A10,05_09_15_22_29
SP203,Cured: y; Single_population: y,yp25_A11,06_09_15_19_29
SP204,Cured: y; Single_population: y,yp25_A12,03_10_13_23_30
SP205,Cured: y; Single_population: y,yp25_B01,05_12_13_24_26
SP206,Cured: n; Single_population: y,yp25_B02,03_09_17_23_27
SP207,Cured: y; Single_population: y,yp25_B03,03_07_15_24_25
SP208,Cured: y; Single_population: y,yp25_B04,04_08_17_19_25
SP209,Cured: y; Single_population: y,yp25_B05,06_11_16_20_25
SP210,Cured: y; Single_population: y,yp25_B06,02_09_17_21_25
SP211,Cured: y; Single_population: y,yp25_B07,02_08_17_24_26
SP212,Cured: y; Single_population: y,yp25_B08,01_08_16_20_28
SP213,Cured: y; Single_population: y,yp25_B09,02_10_15_FA_27
SP214,Cured: y; Single_population: y,yp25_B10,01_08_13_20_29
SP215,Cured: y; Single_population: y,yp25_B11,01_09_15_22_29
SP216,Cured: y; Single_population: y,yp25_B12,04_10_13_19_29
SP217,Cured: y; Single_population: y,yp25_C01,03_FA_13_20_NI
SP218,Cured: y; Single_population: y,yp25_C02,01_12_13_22_27
SP219,Cured: y; Single_population: y,yp25_C03,01_10_13_21_27
SP220,Cured: y; Single_population: y,yp25_C04,03_09_15_19_25
SP221,Cured: y; Single_population: y,yp25_C05,06_07_15_22_30
SP222,Cured: y; Single_population: y,yp25_C06,02_08_16_19_26
SP223,Cured: y; Single_population: y,yp25_C07,FA_11_17_19_25
SP224,Cured: y; Single_population: y,yp25_C08,06_12_13_20_28
SP225,Cured: y; Single_population: y,yp25_C09,01_07_16_NI_NI
SP226,Cured: y; Single_population: y,yp25_C10,04_11_13_22_25
SP227,Cured: y; Single_population: y,yp25_C11,04_08_17_20_27
SP228,Cured: n; Single_population: y,yp25_C12,03_11_13_21_29
SP229,Cured: y; Single_population: y,yp25_D01,06_11_15_19_25
SP230,Cured: y; Single_population: y,yp25_D02,04_10_15_23_27
SP231,Cured: y; Single_population: y,yp25_D03,06_09_16_21_25
SP232,Cured: n; Single_population: y,yp25_D04,02_10_16_21_28
SP233,Cured: y; Single_population: y,yp25_D05,06_12_15_21_27
SP234,Cured: y; Single_population: y,yp25_D06,01_09_16_22_29
SP235,Cured: n; Single_population: y,yp25_D07,FA_08_FA_24_30
SP236,Cured: y; Single_population: y,yp25_D08,04_FA_13_20_25
SP237,Cured: y; Single_population: y,yp25_D09,01_11_15_20_25
SP238,Cured: y; Single_population: y,yp25_D10,04_10_16_24_30
SP239,Cured: y; Single_population: y,yp25_D11,05_09_13_24_29
SP240,Cured: y; Single_population: y,yp25_D12,01_NI_15_NI_27
SP241,Cured: y; Single_population: y,yp25_E01,06_FA_FA_20_25
SP242,Cured: n; Single_population: y,yp25_E02,06_09_13_21_27
SP243,Cured: y; Single_population: y,yp25_E03,06_FA_13_22_25
SP244,Cured: y; Single_population: y,yp25_E04,03_11_16_20_30
SP245,Cured: y; Single_population: y,yp25_E05,06_09_15_24_25
SP246,Cured: y; Single_population: y,yp25_E06,NI_12_13_19_28
SP247,Cured: y; Single_population: y,yp25_E07,01_09_18_24_25
SP248,Cured: y; Single_population: y,yp25_E08,FA_12_13_24_25
SP249,Cured: n; Single_population: y,yp25_E09,01_09_13_22_FA
SP250,Cured: y; Single_population: y,yp25_E10,NI_12_13_24_30
SP251,Cured: y; Single_population: y,yp25_E11,02_09_17_22_27
SP252,Cured: y; Single_population: y,yp25_E12,02_08_17_20_28
SP253,Cured: n; Single_population: y,yp25_F01,01_10_13_19_NI
SP254,Cured: y; Single_population: y,yp25_F02,01_09_13_21_30
SP255,Cured: y; Single_population: y,yp25_F03,03_10_15_20_30
SP256,Cured: y; Single_population: y,yp25_F04,05_12_16_FA_26
SP257,Cured: y; Single_population: y,yp25_F05,06_10_16_20_NI
SP258,Cured: y; Single_population: y,yp25_F06,02_11_17_22_30
SP259,Cured: y; Single_population: y,yp25_F07,01_12_15_19_27
SP260,Cured: y; Single_population: y,yp25_F08,06_08_FA_21_30
SP261,Cured: y; Single_population: y,yp25_F09,02_08_16_21_30
SP262,Cured: y; Single_population: y,yp25_F10,04_11_15_24_30
SP263,Cured: y; Single_population: y,yp25_F11,06_08_17_24_29
SP264,Cured: y; Single_population: y,yp25_F12,01_08_16_21_26
SP265,Cured: n; Single_population: y,yp25_G01,02_11_15_19_NI
SP266,Cured: y; Single_population: y,yp25_G02,01_10_15_FA_27
SP267,Cured: y; Single_population: y,yp25_G03,05_09_13_24_30
SP268,Cured: y; Single_population: y,yp25_G04,FA_11_15_21_27
SP269,Cured: y; Single_population: y,yp25_G05,01_07_16_24_25
SP270,Cured: y; Single_population: y,yp25_G06,02_10_15_21_30
SP271,Cured: y; Single_population: y,yp25_G07,06_08_16_19_29
SP272,Cured: y; Single_population: y,yp25_G08,03_11_17_24_25
SP273,Cured: y; Single_population: y,yp25_G09,06_07_FA_21_NI
SP274,Cured: n; Single_population: y,yp25_G10,04_08_17_21_30
SP275,Cured: y; Single_population: y,yp25_G11,06_FA_NI_24_27
SP276,Cured: y; Single_population: y,yp25_G12,02_07_14_24_25
SP277,Cured: y; Single_population: y,yp25_H01,06_09_17_22_29
SP278,Cured: y; Single_population: y,yp25_H02,NI_NI_NI_NI_NI
SP279,Cured: y; Single_population: y,yp25_H03,02_11_15_22_30
SP280,Cured: y; Single_population: y,yp25_H04,05_12_13_20_NI
SP281,Cured: y; Single_population: y,yp25_H05,01_12_16_24_26
SP282,Cured: y; Single_population: y,yp25_H06,05_09_15_24_27
SP283,Cured: y; Single_population: y,yp25_H07,06_12_15_21_FA
SP284,Cured: y; Single_population: y,yp25_H08,03_11_13_20_27
SP285,Cured: y; Single_population: y,yp25_H09,03_FA_16_21_NI
SP286,Cured: y; Single_population: y,yp25_H10,01_NI_13_24_30
SP287,Cured: y; Single_population: y,yp25_H11,01_07_15_19_27
SP288,Cured: y; Single_population: y,yp25_H12,FA_11_13_21_27
SP289,Cured: y; Single_population: y,yp26_A01,02_10_15_19_29
SP290,Cured: y; Single_population: y,yp26_A02,06_11_18_NI_27
SP291,Cured: y; Single_population: y,yp26_A03,01_09_15_24_26
SP292,Cured: y; Single_population: y,yp26_A04,03_11_17_23_30
SP293,Cured: n; Single_population: y,yp26_A05,NI_NI_NI_NI_27
SP294,Cured: n; Single_population: y,yp26_A06,01_07_13_21_30
SP295,Cured: y; Single_population: y,yp26_A07,NI_NI_NI_NI_27
SP296,Cured: y; Single_population: y,yp26_A08,02_07_16_19_27
SP297,Cured: y; Single_population: y,yp26_A09,04_07_15_24_26
SP298,Cured: y; Single_population: y,yp26_A10,01_11_17_24_25
SP299,Cured: y; Single_population: y,yp26_A11,04_07_16_19_25
SP300,Cured: y; Single_population: y,yp26_A12,NI_08_13_20_29
SP301,Cured: n; Single_population: y,yp26_B01,04_08_15_19_30
SP302,Cured: y; Single_population: y,yp26_B02,06_08_FA_21_29
SP303,Cured: n; Single_population: y,yp26_B03,01_11_13_24_25
SP304,Cured: y; Single_population: y,yp26_B04,FA_08_15_20_27
SP305,Cured: y; Single_population: y,yp26_B05,04_11_NI_22_25
SP306,Cured: y; Single_population: y,yp26_B06,01_08_15_19_FA
SP307,Cured: y; Single_population: y,yp26_B07,02_07_16_19_NI
SP308,Cured: y; Single_population: y,yp26_B08,NI_NI_NI_NI_NI
SP309,Cured: y; Single_population: y,yp26_B09,04_11_16_19_27
SP310,Cured: y; Single_population: y,yp26_B10,04_12_17_21_26
SP311,Cured: y; Single_population: y,yp26_B11,NI_NI_NI_NI_NI
SP312,Cured: y; Single_population: y,yp26_B12,FA_08_13_22_27
SP313,Cured: n; Single_population: y,yp26_C01,01_FA_15_23_25
SP314,Cured: n; Single_population: y,yp26_C02,03_11_FA_22_25
SP315,Cured: y; Single_population: y,yp26_C03,01_08_16_20_25
SP316,Cured: y; Single_population: y,yp26_C04,04_11_13_19_30
SP317,Cured: n; Single_population: y,yp26_C05,04_11_13_19_30
SP318,Cured: y; Single_population: y,yp26_C06,06_11_15_22_29
SP319,Cured: y; Single_population: y,yp26_C07,04_09_17_20_27
SP320,Cured: y; Single_population: y,yp26_C08,05_11_15_19_29
SP321,Cured: y; Single_population: y,yp26_C09,01_09_13_20_27
SP322,Cured: y; Single_population: y,yp26_C10,01_07_FA_21_30
SP323,Cured: y; Single_population: y,yp26_C11,01_08_16_20_NI
SP324,Cured: y; Single_population: y,yp26_C12,03_10_16_20_29
SP325,Cured: n; Single_population: n,yp26_D01,FA_FA_FA_FA_25
SP326,Cured: y; Single_population: y,yp26_D02,03_11_FA_22_25
SP327,Cured: y; Single_population: y,yp26_D03,06_09_13_20_25
SP328,Cured: n; Single_population: y,yp26_D04,01_08_15_19_26
SP329,Cured: y; Single_population: y,yp26_D05,04_09_15_20_28
SP330,Cured: y; Single_population: y,yp26_D06,02_07_16_20_29
SP331,Cured: y; Single_population: y,yp26_D07,FA_11_15_24_30
SP332,Cured: n; Single_population: y,yp26_D08,05_11_13_19_25
SP333,Cured: y; Single_population: n,yp26_D09,FA_FA_15_FA_FA
SP334,Cured: y; Single_population: y,yp26_D10,01_10_15_20_26
SP335,Cured: y; Single_population: y,yp26_D11,03_09_15_22_27
SP336,Cured: n; Single_population: y,yp26_D12,05_08_15_20_29
SP337,Cured: n; Single_population: y,yp26_E01,01_09_NI_20_26
SP338,Cured: y; Single_population: y,yp26_E02,01_09_17_20_27
SP339,Cured: n; Single_population: y,yp26_E03,NI_NI_NI_NI_NI
SP340,Cured: y; Single_population: y,yp26_E04,NI_NI_NI_NI_26
SP341,Cured: y; Single_population: y,yp26_E05,04_12_13_24_28
SP342,Cured: y; Single_population: y,yp26_E06,03_09_13_19_25
SP343,Cured: y; Single_population: y,yp26_E07,FA_08_16_21_30
SP344,Cured: y; Single_population: y,yp26_E08,03_07_17_20_30
SP345,Cured: y; Single_population: y,yp26_E09,05_07_15_22_29
SP346,Cured: n; Single_population: y,yp26_E10,05_10_FA_24_25
SP347,Cured: y; Single_population: y,yp26_E11,06_09_15_20_30
SP348,Cured: y; Single_population: y,yp26_E12,04_08_13_19_26
SP349,Cured: y; Single_population: y,yp26_F01,01_12_13_21_25
SP350,Cured: y; Single_population: y,yp26_F02,01_09_13_21_29
SP351,Cured: y; Single_population: y,yp26_F03,04_09_15_19_27
SP352,Cured: y; Single_population: y,yp26_F04,06_FA_15_20_25
SP353,Cured: y; Single_population: y,yp26_F05,04_08_13_20_27
SP354,Cured: y; Single_population: y,yp26_F06,04_08_13_20_27
SP355,Cured: y; Single_population: y,yp26_F07,04_07_15_FA_26
SP356,Cured: y; Single_population: y,yp26_F08,06_FA_NI_NI_30
SP357,Cured: y; Single_population: y,yp26_F09,06_07_17_24_27
SP358,Cured: y; Single_population: y,yp26_F10,05_09_13_21_25
SP359,Cured: y; Single_population: y,yp26_F11,01_08_16_24_25
SP360,Cured: y; Single_population: y,yp26_F12,02_08_15_23_25
SP361,Cured: y; Single_population: y,yp26_G01,01_11_17_20_27
SP362,Cured: y; Single_population: y,yp26_G02,01_10_15_FA_25
SP363,Cured: y; Single_population: y,yp26_G03,04_09_16_19_29
SP364,Cured: y; Single_population: y,yp26_G04,05_11_13_23_27
SP365,Cured: y; Single_population: y,yp26_G05,04_12_15_20_26
SP366,Cured: y; Single_population: y,yp26_G06,01_08_17_22_27
SP367,Cured: y; Single_population: y,yp26_G07,01_09_15_19_27
SP368,Cured: y; Single_population: y,yp26_G08,NI_NI_NI_NI_NI
SP369,Cured: y; Single_population: y,yp26_G09,02_08_17_19_25
SP370,Cured: y; Single_population: y,yp26_G10,03_11_16_24_26
SP371,Cured: y; Single_population: y,yp26_G11,05_10_13_21_25
SP372,Cured: y; Single_population: y,yp26_G12,04_10_15_20_28
SP373,Cured: y; Single_population: y,yp26_H01,06_08_16_24_FA
SP374,Cured: y; Single_population: y,yp26_H02,NI_NI_NI_NI_NI
SP375,Cured: y; Single_population: y,yp26_H03,05_11_16_19_30
SP376,Cured: y; Single_population: y,yp26_H04,02_11_15_19_25
SP377,Cured: y; Single_population: y,yp26_H05,05_NI_17_20_25
SP378,Cured: y; Single_population: y,yp26_H06,05_08_15_21_29
SP379,Cured: y; Single_population: y,yp26_H07,06_11_15_23_26
SP380,Cured: y; Single_population: y,yp26_H08,01_11_13_19_27
SP381,Cured: n; Single_population: y,yp26_H09,02_NI_NI_NI_NI
SP382,Cured: y; Single_population: y,yp26_H10,04_08_15_22_27
SP383,Cured: y; Single_population: y,yp26_H11,NI_NI_NI_NI_NI
SP384,Cured: y; Single_population: y,yp26_H12,NI_11_15_21_26
SP385,Cured: y; Single_population: y,yp27_A01,02_10_18_24_30
SP386,Cured: y; Single_population: y,yp27_A02,01_11_16_22_30
SP387,Cured: y; Single_population: y,yp27_A03,03_FA_13_20_26
SP388,Cured: y; Single_population: y,yp27_A04,05_09_FA_24_25
SP389,Cured: y; Single_population: y,yp27_A05,02_07_17_19_27
SP390,Cured: y; Single_population: y,yp27_A06,01_11_13_20_26
SP391,Cured: y; Single_population: y,yp27_A07,04_11_17_22_30
SP392,Cured: n; Single_population: y,yp27_A08,03_12_FA_19_26
SP393,Cured: y; Single_population: y,yp27_A09,02_07_15_21_30
SP394,Cured: y; Single_population: y,yp27_A10,04_11_15_22_28
SP395,Cured: y; Single_population: y,yp27_A11,04_FA_13_22_27
SP396,Cured: n; Single_population: y,yp27_A12,03_10_15_19_28
SP397,Cured: y; Single_population: y,yp27_B01,05_12_15_FA_30
SP398,Cured: y; Single_population: y,yp27_B02,NI_10_13_24_25
SP399,Cured: y; Single_population: y,yp27_B03,04_11_16_FA_27
SP400,Cured: y; Single_population: y,yp27_B04,03_08_13_22_27
SP401,Cured: y; Single_population: y,yp27_B05,01_09_15_21_27
SP402,Cured: y; Single_population: y,yp27_B06,04_08_16_20_30
SP403,Cured: y; Single_population: y,yp27_B07,01_10_13_19_27
SP404,Cured: y; Single_population: y,yp27_B08,03_07_13_22_29
SP405,Cured: y; Single_population: y,yp27_B09,06_08_17_24_26
SP406,Cured: y; Single_population: y,yp27_B10,01_11_13_20_30
SP407,Cured: y; Single_population: y,yp27_B11,NI_NI_NI_NI_NI
SP408,Cured: y; Single_population: y,yp27_B12,04_09_13_19_27
SP409,Cured: y; Single_population: y,yp27_C01,01_09_13_20_29
SP410,Cured: y; Single_population: y,yp27_C02,05_08_16_19_25
SP411,Cured: y; Single_population: y,yp27_C03,NI_NI_NI_NI_NI
SP412,Cured: y; Single_population: y,yp27_C04,01_07_13_24_25
SP413,Cured: y; Single_population: y,yp27_C05,03_09_15_22_26
SP414,Cured: y; Single_population: y,yp27_C06,01_09_14_23_30
SP415,Cured: y; Single_population: y,yp27_C07,NI_NI_NI_NI_NI
SP416,Cured: y; Single_population: y,yp27_C08,06_12_16_23_30
SP417,Cured: y; Single_population: y,yp27_C09,03_07_13_19_30
SP418,Cured: y; Single_population: y,yp27_C10,NI_NI_NI_NI_NI
SP419,Cured: y; Single_population: y,yp27_C11,03_07_15_21_29
SP420,Cured: y; Single_population: y,yp27_C12,02_11_13_24_26
SP421,Cured: y; Single_population: y,yp27_D01,04_07_15_21_FA
SP422,Cured: y; Single_population: y,yp27_D02,03_11_13_20_25
SP423,Cured: y; Single_population: y,yp27_D03,04_11_13_24_29
SP424,Cured: y; Single_population: y,yp27_D04,01_11_16_20_30
SP425,Cured: y; Single_population: y,yp27_D05,05_09_16_20_30
SP426,Cured: y; Single_population: y,yp27_D06,01_09_15_20_26
SP427,Cured: y; Single_population: y,yp27_D07,04_07_13_23_29
SP428,Cured: y; Single_population: y,yp27_D08,01_09_15_20_25
SP429,Cured: y; Single_population: y,yp27_D09,02_09_15_22_25
SP430,Cured: y; Single_population: y,yp27_D10,01_11_16_23_26
SP431,Cured: n; Single_population: y,yp27_D11,05_11_16_19_FA
SP432,Cured: y; Single_population: y,yp27_D12,01_11_NI_19_26
SP433,Cured: y; Single_population: y,yp27_E01,05_09_13_20_25
SP434,Cured: y; Single_population: y,yp27_E02,04_09_17_23_25
SP435,Cured: y; Single_population: y,yp27_E03,06_07_17_24_27
SP436,Cured: y; Single_population: y,yp27_E04,06_08_13_19_29
SP437,Cured: y; Single_population: y,yp27_E05,03_10_17_21_26
SP438,Cured: y; Single_population: y,yp27_E06,05_10_17_19_30
SP439,Cured: y; Single_population: y,yp27_E07,05_09_14_23_26
SP440,Cured: y; Single_population: y,yp27_E08,01_09_16_23_26
SP441,Cured: y; Single_population: y,yp27_E09,05_11_17_22_27
SP442,Cured: n; Single_population: y,yp27_E10,01_08_13_20_27
SP443,Cured: y; Single_population: y,yp27_E11,NI_NI_NI_NI_NI
SP444,Cured: y; Single_population: y,yp27_E12,03_10_13_19_30
SP445,Cured: n; Single_population: y,yp27_F01,06_09_16_24_28
SP446,Cured: y; Single_population: y,yp27_F02,01_12_16_19_27
SP447,Cured: y; Single_population: y,yp27_F03,04_08_15_20_FA
SP448,Cured: y; Single_population: y,yp27_F04,04_11_13_21_26
SP449,Cured: y; Single_population: y,yp27_F05,02_FA_16_21_29
SP450,Cured: y; Single_population: y,yp27_F06,NI_NI_NI_NI_NI
SP451,Cured: y; Single_population: y,yp27_F07,05_11_13_20_27
SP452,Cured: y; Single_population: y,yp27_F08,01_08_13_20_28
SP453,Cured: y; Single_population: y,yp27_F09,02_11_13_22_27
SP454,Cured: y; Single_population: y,yp27_F10,05_12_15_21_25
SP455,Cured: y; Single_population: y,yp27_F11,NI_08_17_23_25
SP456,Cured: y; Single_population: y,yp27_F12,01_08_15_NI_27
SP457,Cured: y; Single_population: y,yp27_G01,06_NI_16_NI_NI
SP458,Cured: y; Single_population: y,yp27_G02,02_11_15_24_26
SP459,Cured: y; Single_population: y,yp27_G03,04_08_13_19_29
SP460,Cured: y; Single_population: y,yp27_G04,06_09_14_NI_NI
SP461,Cured: y; Single_population: y,yp27_G05,02_10_16_19_26
SP462,Cured: y; Single_population: y,yp27_G06,03_11_13_22_30
SP463,Cured: y; Single_population: y,yp27_G07,03_07_13_22_30
SP464,Cured: y; Single_population: y,yp27_G08,NI_07_NI_22_27
SP465,Cured: y; Single_population: y,yp27_G09,06_FA_13_24_30
SP466,Cured: y; Single_population: y,yp27_G10,06_09_15_19_FA
SP467,Cured: y; Single_population: y,yp27_G11,NI_NI_NI_NI_NI
SP468,Cured: y; Single_population: y,yp27_G12,02_FA_FA_19_29
SP469,Cured: y; Single_population: y,yp27_H01,03_08_15_21_NI
SP470,Cured: y; Single_population: y,yp27_H02,03_08_NI_24_25
SP471,Cured: y; Single_population: y,yp27_H03,04_09_15_24_25
SP472,Cured: y; Single_population: y,yp27_H04,01_11_15_21_25
SP473,Cured: y; Single_population: y,yp27_H05,NI_NI_FA_NI_NI
SP474,Cured: y; Single_population: y,yp27_H06,01_08_13_FA_25
SP475,Cured: y; Single_population: y,yp27_H07,01_11_15_24_FA
SP476,Cured: y; Single_population: y,yp27_H08,05_FA_15_24_25
SP477,Cured: n; Single_population: y,yp27_H09,01_09_13_23_27
SP478,Cured: y; Single_population: y,yp27_H10,01_11_13_21_27
SP479,Cured: y; Single_population: y,yp27_H11,NI_NI_NI_NI_FA
SP480,Cured: y; Single_population: y,yp27_H12,02_12_15_22_30
SP481,Cured: y; Single_population: not_tested,yp29_A01,24_30_06_FA_10
SP482,Cured: y; Single_population: not_tested,yp29_A02,24_30_06_FA_10
SP483,Cured: y; Single_population: not_tested,yp29_A03,24_30_06_FA_10
SP484,Cured: not_tested; Single_population: not_tested,yp29_A04,NI_NI_NI_NI_NI
SP485,Cured: not_tested; Single_population: not_tested,yp29_A05,NI_NI_NI_NI_NI
SP486,Cured: not_tested; Single_population: not_tested,yp29_A06,NI_NI_NI_NI_NI
SP487,Cured: not_tested; Single_population: not_tested,yp29_A07,NI_NI_NI_NI_NI
SP488,Cured: not_tested; Single_population: not_tested,yp29_A08,NI_NI_NI_NI_NI
SP489,Cured: not_tested; Single_population: not_tested,yp29_A09,NI_NI_NI_NI_NI
SP490,Cured: not_tested; Single_population: not_tested,yp29_A10,NI_NI_NI_NI_NI
SP491,Cured: not_tested; Single_population: not_tested,yp29_A11,NI_NI_NI_NI_NI
SP492,Cured: not_tested; Single_population: not_tested,yp29_A12,NI_NI_NI_NI_NI
SP493,Cured: y; Single_population: not_tested,yp29_B01,FA_30_10_24_06
SP494,Cured: y; Single_population: not_tested,yp29_B02,FA_30_10_24_06
SP495,Cured: y; Single_population: not_tested,yp29_B03,FA_30_10_24_06
SP496,Cured: y; Single_population: not_tested,yp29_B04,FA_30_10_24_06
SP497,Cured: y; Single_population: not_tested,yp29_B05,FA_30_10_24_06
SP498,Cured: y; Single_population: not_tested,yp29_B06,FA_30_10_24_06
SP499,Cured: not_tested; Single_population: not_tested,yp29_B07,NI_NI_NI_NI_NI
SP500,Cured: not_tested; Single_population: not_tested,yp29_B08,NI_NI_NI_NI_NI
SP501,Cured: not_tested; Single_population: not_tested,yp29_B09,NI_NI_NI_NI_NI
SP502,Cured: not_tested; Single_population: not_tested,yp29_B10,NI_NI_NI_NI_NI
SP503,Cured: not_tested; Single_population: not_tested,yp29_B11,NI_NI_NI_NI_NI
SP504,Cured: not_tested; Single_population: not_tested,yp29_B12,NI_NI_NI_NI_NI
SP505,Cured: n; Single_population: not_tested,yp29_C01,01_FA_FA_19_25
SP506,Cured: y; Single_population: not_tested,yp29_C02,01_07_13_NI_25
SP507,Cured: y; Single_population: not_tested,yp29_C03,01_07_13_19_25
SP508,Cured: n; Single_population: not_tested,yp29_C04,01_07_13_19_25
SP509,Cured: y; Single_population: not_tested,yp29_C05,01_NI_13_19_NI
SP510,Cured: y; Single_population: not_tested,yp29_C06,NI_NI_FA_19_NI
SP511,Cured: not_tested; Single_population: not_tested,yp29_C07,NI_NI_NI_NI_NI
SP512,Cured: not_tested; Single_population: not_tested,yp29_C08,NI_NI_NI_NI_NI
SP513,Cured: not_tested; Single_population: not_tested,yp29_C09,NI_NI_NI_NI_NI
SP514,Cured: not_tested; Single_population: not_tested,yp29_C10,NI_NI_NI_NI_NI
SP515,Cured: not_tested; Single_population: not_tested,yp29_C11,NI_NI_NI_NI_NI
SP516,Cured: not_tested; Single_population: not_tested,yp29_C12,NI_NI_NI_NI_NI
SP517,Cured: y; Single_population: not_tested,yp29_D01,06_12_NI_23_28
SP518,Cured: y; Single_population: not_tested,yp29_D02,06_12_FA_23_FA
SP519,Cured: y; Single_population: not_tested,yp29_D03,06_12_18_23_28
SP520,Cured: y; Single_population: not_tested,yp29_D04,06_12_FA_23_28
SP521,Cured: y; Single_population: not_tested,yp29_D05,06_12_18_23_28
SP522,Cured: y; Single_population: not_tested,yp29_D06,06_12_18_23_28
SP523,Cured: not_tested; Single_population: not_tested,yp29_D07,NI_NI_NI_NI_NI
SP524,Cured: not_tested; Single_population: not_tested,yp29_D08,NI_NI_NI_NI_NI
SP525,Cured: not_tested; Single_population: not_tested,yp29_D09,NI_NI_NI_NI_NI
SP526,Cured: not_tested; Single_population: not_tested,yp29_D10,NI_NI_NI_NI_NI
SP527,Cured: not_tested; Single_population: not_tested,yp29_D11,NI_NI_NI_NI_NI
SP528,Cured: not_tested; Single_population: not_tested,yp29_D12,NI_NI_NI_NI_NI
SP529,Cured: y; Single_population: not_tested,yp29_E01,04_11_17_24_30
SP530,Cured: y; Single_population: not_tested,yp29_E02,04_11_17_24_30
SP531,Cured: y; Single_population: not_tested,yp29_E03,04_11_FA_24_30
SP532,Cured: y; Single_population: not_tested,yp29_E04,04_11_17_24_FA
SP533,Cured: y; Single_population: not_tested,yp29_E05,04_11_FA_24_30
SP534,Cured: y; Single_population: not_tested,yp29_E06,04_11_17_24_30
SP535,Cured: not_tested; Single_population: not_tested,yp29_E07,NI_NI_NI_NI_NI
SP536,Cured: not_tested; Single_population: not_tested,yp29_E08,NI_NI_NI_NI_NI
SP537,Cured: not_tested; Single_population: not_tested,yp29_E09,NI_NI_NI_NI_NI
SP538,Cured: not_tested; Single_population: not_tested,yp29_E10,NI_NI_NI_NI_NI
SP539,Cured: not_tested; Single_population: not_tested,yp29_E11,NI_NI_NI_NI_NI
SP540,Cured: not_tested; Single_population: not_tested,yp29_E12,NI_NI_NI_NI_NI
SP541,Cured: y; Single_population: n,yp29_F01,02_08_14_23_28
SP542,Cured: y; Single_population: not_tested,yp29_F02,02_08_14_23_FA
SP543,Cured: y; Single_population: not_tested,yp29_F03,02_08_14_23_28
SP544,Cured: not_tested; Single_population: not_tested,yp29_F04,NI_NI_NI_NI_NI
SP545,Cured: not_tested; Single_population: not_tested,yp29_F05,NI_NI_NI_NI_NI
SP546,Cured: not_tested; Single_population: not_tested,yp29_F06,NI_NI_NI_NI_NI
SP547,Cured: not_tested; Single_population: not_tested,yp29_F07,NI_NI_NI_NI_NI
SP548,Cured: not_tested; Single_population: not_tested,yp29_F08,NI_NI_NI_NI_NI
SP549,Cured: not_tested; Single_population: not_tested,yp29_F09,NI_NI_NI_NI_NI
SP550,Cured: not_tested; Single_population: not_tested,yp29_F10,NI_NI_NI_NI_NI
SP551,Cured: not_tested; Single_population: not_tested,yp29_F11,NI_NI_NI_NI_NI
SP552,Cured: not_tested; Single_population: not_tested,yp29_F12,NI_NI_NI_NI_NI
SP553,Cured: y; Single_population: not_tested,yp29_G01,03_09_15_20_26
SP554,Cured: y; Single_population: not_tested,yp29_G02,03_09_15_20_26
SP555,Cured: y; Single_population: not_tested,yp29_G03,03_09_15_20_26
SP556,Cured: y; Single_population: not_tested,yp29_G04,03_09_15_20_26
SP557,Cured: y; Single_population: not_tested,yp29_G05,03_FA_15_20_26
SP558,Cured: y; Single_population: not_tested,yp29_G06,03_09_15_20_26
SP559,Cured: not_tested; Single_population: not_tested,yp29_G07,NI_NI_NI_NI_NI
SP560,Cured: not_tested; Single_population: not_tested,yp29_G08,NI_NI_NI_NI_NI
SP561,Cured: not_tested; Single_population: not_tested,yp29_G09,NI_NI_NI_NI_NI
SP562,Cured: not_tested; Single_population: not_tested,yp29_G10,NI_NI_NI_NI_NI
SP563,Cured: not_tested; Single_population: not_tested,yp29_G11,NI_NI_NI_NI_NI
SP564,Cured: not_tested; Single_population: not_tested,yp29_G12,NI_NI_NI_NI_NI
SP565,Cured: not_tested; Single_population: not_tested,yp29_H01,NI_NI_NI_NI_NI
SP566,Cured: not_tested; Single_population: not_tested,yp29_H02,NI_NI_NI_NI_NI
SP567,Cured: y; Single_population: not_tested,yp29_H03,03_09_15_20_26
SP568,Cured: not_tested; Single_population: not_tested,yp29_H04,NI_NI_NI_NI_NI
SP569,Cured: not_tested; Single_population: not_tested,yp29_H05,NI_NI_NI_NI_NI
SP570,Cured: not_tested; Single_population: not_tested,yp29_H06,NI_NI_NI_NI_NI
SP571,Cured: not_tested; Single_population: not_tested,yp29_H07,NI_NI_NI_NI_NI
SP572,Cured: not_tested; Single_population: not_tested,yp29_H08,NI_NI_NI_NI_NI
SP573,Cured: not_tested; Single_population: not_tested,yp29_H09,NI_NI_NI_NI_NI
SP574,Cured: not_tested; Single_population: not_tested,yp29_H10,NI_NI_NI_NI_NI
SP575,Cured: not_tested; Single_population: not_tested,yp29_H11,NI_NI_NI_NI_NI
SP576,Cured: not_tested; Single_population: not_tested,yp29_H12,NI_NI_NI_NI_NI
